{
 "animeva": {
  "n": 240,
  "n_target_speakers": 40,
  "n_gallery": 1100,
  "threshold": 0.45531249046325684,
  "threshold_xfile": 0.4396246671676636,
  "n_xfile_actors": 900,
  "detectable": 0.14166666666666666,
  "detectable_xfile": 0.175,
  "correct_attr": 0.24166666666666667,
  "false_attr": 0.7583333333333333,
  "wrongful_accusation": 0.1,
  "wrongful_accusation_xfile": 0.1625,
  "thin_margin": 0.2625,
  "mean_collateral": 0.17083333333333334,
  "mean_collateral_xfile": 0.2916666666666667,
  "ci95": {
   "det": [
    0.05416666666666667,
    0.24166666666666667
   ],
   "det_xf": [
    0.07916666666666666,
    0.2833333333333333
   ],
   "corr": [
    0.1375,
    0.35833333333333334
   ],
   "false": [
    0.6416666666666667,
    0.8625
   ],
   "wrongful": [
    0.041666666666666664,
    0.17083333333333334
   ],
   "wrongful_xf": [
    0.0875,
    0.24583333333333332
   ],
   "thin": [
    0.175,
    0.3625
   ],
   "collat": [
    0.08333333333333333,
    0.2708333333333333
   ],
   "collat_xf": [
    0.175,
    0.41260416666666655
   ]
  }
 },
 "ecapa": {
  "n": 240,
  "n_target_speakers": 40,
  "n_gallery": 1100,
  "threshold": 0.4748010039329529,
  "threshold_xfile": 0.4622148275375366,
  "n_xfile_actors": 900,
  "detectable": 0.0625,
  "detectable_xfile": 0.075,
  "correct_attr": 0.12916666666666668,
  "false_attr": 0.8708333333333333,
  "wrongful_accusation": 0.17916666666666667,
  "wrongful_accusation_xfile": 0.225,
  "thin_margin": 0.20833333333333334,
  "mean_collateral": 0.9083333333333333,
  "mean_collateral_xfile": 1.275,
  "ci95": {
   "det": [
    0.0125,
    0.13333333333333333
   ],
   "det_xf": [
    0.020833333333333332,
    0.14583333333333334
   ],
   "corr": [
    0.0625,
    0.21260416666666657
   ],
   "false": [
    0.7873958333333333,
    0.9375
   ],
   "wrongful": [
    0.0875,
    0.2916666666666667
   ],
   "wrongful_xf": [
    0.12083333333333333,
    0.35010416666666655
   ],
   "thin": [
    0.12916666666666668,
    0.29583333333333334
   ],
   "collat": [
    0.28729166666666667,
    1.7169791666666663
   ],
   "collat_xf": [
    0.44166666666666665,
    2.3710416666666663
   ]
  }
 }
}