{
 "animeva": {
  "n": 720,
  "n_target_speakers": 120,
  "n_gallery": 1100,
  "threshold": 0.45531249046325684,
  "threshold_xfile": 0.4396246671676636,
  "n_xfile_actors": 900,
  "detectable": 0.8305555555555556,
  "detectable_xfile": 0.8527777777777777,
  "correct_attr": 0.9305555555555556,
  "false_attr": 0.06944444444444445,
  "wrongful_accusation": 0.011111111111111112,
  "wrongful_accusation_xfile": 0.019444444444444445,
  "thin_margin": 0.10138888888888889,
  "mean_collateral": 0.21388888888888888,
  "mean_collateral_xfile": 0.32222222222222224,
  "ci95": {
   "det": [
    0.7736111111111111,
    0.8819444444444444
   ],
   "det_xf": [
    0.7971875,
    0.9027777777777778
   ],
   "corr": [
    0.8972222222222223,
    0.9611111111111111
   ],
   "false": [
    0.03888888888888889,
    0.10277777777777777
   ],
   "wrongful": [
    0.004166666666666667,
    0.020833333333333332
   ],
   "wrongful_xf": [
    0.008333333333333333,
    0.03333333333333333
   ],
   "thin": [
    0.06944444444444445,
    0.1375347222222222
   ],
   "collat": [
    0.15694444444444444,
    0.28055555555555556
   ],
   "collat_xf": [
    0.2471875,
    0.4083333333333333
   ]
  }
 },
 "ecapa": {
  "n": 720,
  "n_target_speakers": 120,
  "n_gallery": 1100,
  "threshold": 0.4748010039329529,
  "threshold_xfile": 0.4622148275375366,
  "n_xfile_actors": 900,
  "detectable": 0.6777777777777778,
  "detectable_xfile": 0.7125,
  "correct_attr": 0.7152777777777778,
  "false_attr": 0.2847222222222222,
  "wrongful_accusation": 0.17916666666666667,
  "wrongful_accusation_xfile": 0.19166666666666668,
  "thin_margin": 0.2638888888888889,
  "mean_collateral": 3.525,
  "mean_collateral_xfile": 4.708333333333333,
  "ci95": {
   "det": [
    0.6083333333333333,
    0.7402777777777778
   ],
   "det_xf": [
    0.6444444444444445,
    0.775
   ],
   "corr": [
    0.6444444444444445,
    0.7792013888888889
   ],
   "false": [
    0.2207986111111111,
    0.35555555555555557
   ],
   "wrongful": [
    0.13055555555555556,
    0.23055555555555557
   ],
   "wrongful_xf": [
    0.14024305555555555,
    0.24444444444444444
   ],
   "thin": [
    0.21663194444444445,
    0.3111458333333333
   ],
   "collat": [
    2.43875,
    4.688923611111111
   ],
   "collat_xf": [
    3.3400694444444445,
    6.1876388888888885
   ]
  }
 }
}