{
 "animeva": {
  "n": 240,
  "n_target_speakers": 40,
  "n_gallery": 1100,
  "threshold": 0.45531249046325684,
  "threshold_xfile": 0.4396246671676636,
  "n_xfile_actors": 900,
  "detectable": 0.6291666666666667,
  "detectable_xfile": 0.6541666666666667,
  "correct_attr": 0.7041666666666667,
  "false_attr": 0.29583333333333334,
  "wrongful_accusation": 0.05,
  "wrongful_accusation_xfile": 0.058333333333333334,
  "thin_margin": 0.225,
  "mean_collateral": 0.21666666666666667,
  "mean_collateral_xfile": 0.2875,
  "ci95": {
   "det": [
    0.5,
    0.7458333333333333
   ],
   "det_xf": [
    0.5290625,
    0.7626041666666665
   ],
   "corr": [
    0.6,
    0.8041666666666667
   ],
   "false": [
    0.19583333333333333,
    0.4
   ],
   "wrongful": [
    0.025,
    0.07916666666666666
   ],
   "wrongful_xf": [
    0.029166666666666667,
    0.09177083333333323
   ],
   "thin": [
    0.1457291666666667,
    0.3125
   ],
   "collat": [
    0.13333333333333333,
    0.31260416666666657
   ],
   "collat_xf": [
    0.17916666666666667,
    0.4041666666666667
   ]
  }
 },
 "ecapa": {
  "n": 240,
  "n_target_speakers": 40,
  "n_gallery": 1100,
  "threshold": 0.4748010039329529,
  "threshold_xfile": 0.4622148275375366,
  "n_xfile_actors": 900,
  "detectable": 0.44583333333333336,
  "detectable_xfile": 0.4625,
  "correct_attr": 0.5708333333333333,
  "false_attr": 0.42916666666666664,
  "wrongful_accusation": 0.14166666666666666,
  "wrongful_accusation_xfile": 0.15833333333333333,
  "thin_margin": 0.24166666666666667,
  "mean_collateral": 0.9541666666666667,
  "mean_collateral_xfile": 1.4166666666666667,
  "ci95": {
   "det": [
    0.3123958333333333,
    0.5791666666666667
   ],
   "det_xf": [
    0.325,
    0.6
   ],
   "corr": [
    0.4373958333333333,
    0.6916666666666667
   ],
   "false": [
    0.30833333333333335,
    0.5626041666666666
   ],
   "wrongful": [
    0.075,
    0.22916666666666666
   ],
   "wrongful_xf": [
    0.0875,
    0.25416666666666665
   ],
   "thin": [
    0.1625,
    0.32916666666666666
   ],
   "collat": [
    0.36666666666666664,
    1.7459375
   ],
   "collat_xf": [
    0.6122916666666667,
    2.5459375
   ]
  }
 }
}