{
 "animeva": {
  "n": 240,
  "n_target_speakers": 40,
  "n_gallery": 1100,
  "threshold": 0.45531249046325684,
  "threshold_xfile": 0.4396246671676636,
  "n_xfile_actors": 900,
  "detectable": 0.05,
  "detectable_xfile": 0.06666666666666667,
  "correct_attr": 0.15416666666666667,
  "false_attr": 0.8458333333333333,
  "wrongful_accusation": 0.029166666666666667,
  "wrongful_accusation_xfile": 0.07083333333333333,
  "thin_margin": 0.1875,
  "mean_collateral": 0.03333333333333333,
  "mean_collateral_xfile": 0.07916666666666666,
  "ci95": {
   "det": [
    0.0125,
    0.09166666666666666
   ],
   "det_xf": [
    0.025,
    0.11666666666666667
   ],
   "corr": [
    0.07083333333333333,
    0.24583333333333332
   ],
   "false": [
    0.7541666666666667,
    0.9291666666666667
   ],
   "wrongful": [
    0.008229166666666673,
    0.058333333333333334
   ],
   "wrongful_xf": [
    0.03333333333333333,
    0.12083333333333333
   ],
   "thin": [
    0.11666666666666667,
    0.2625
   ],
   "collat": [
    0.008333333333333333,
    0.0625
   ],
   "collat_xf": [
    0.0375,
    0.12916666666666668
   ]
  }
 },
 "ecapa": {
  "n": 240,
  "n_target_speakers": 40,
  "n_gallery": 1100,
  "threshold": 0.4748010039329529,
  "threshold_xfile": 0.4622148275375366,
  "n_xfile_actors": 900,
  "detectable": 0.058333333333333334,
  "detectable_xfile": 0.07916666666666666,
  "correct_attr": 0.15,
  "false_attr": 0.85,
  "wrongful_accusation": 0.15833333333333333,
  "wrongful_accusation_xfile": 0.19166666666666668,
  "thin_margin": 0.2791666666666667,
  "mean_collateral": 0.5666666666666667,
  "mean_collateral_xfile": 0.9125,
  "ci95": {
   "det": [
    0.008333333333333333,
    0.125
   ],
   "det_xf": [
    0.020833333333333332,
    0.15833333333333333
   ],
   "corr": [
    0.0625,
    0.24583333333333332
   ],
   "false": [
    0.7541666666666667,
    0.9375
   ],
   "wrongful": [
    0.07916666666666666,
    0.25833333333333336
   ],
   "wrongful_xf": [
    0.10833333333333334,
    0.29583333333333334
   ],
   "thin": [
    0.1875,
    0.37916666666666665
   ],
   "collat": [
    0.19166666666666668,
    1.0668749999999998
   ],
   "collat_xf": [
    0.32489583333333333,
    1.6542708333333331
   ]
  }
 }
}