{
 "animeva": {
  "n": 240,
  "n_target_speakers": 40,
  "n_gallery": 1100,
  "threshold": 0.45531249046325684,
  "threshold_xfile": 0.4396246671676636,
  "n_xfile_actors": 900,
  "detectable": 0.5791666666666667,
  "detectable_xfile": 0.6208333333333333,
  "correct_attr": 0.7083333333333334,
  "false_attr": 0.2916666666666667,
  "wrongful_accusation": 0.07083333333333333,
  "wrongful_accusation_xfile": 0.10416666666666667,
  "thin_margin": 0.2875,
  "mean_collateral": 0.20833333333333334,
  "mean_collateral_xfile": 0.3375,
  "ci95": {
   "det": [
    0.4540625,
    0.7041666666666667
   ],
   "det_xf": [
    0.49583333333333335,
    0.7416666666666667
   ],
   "corr": [
    0.5833333333333334,
    0.8208333333333333
   ],
   "false": [
    0.17916666666666667,
    0.4166666666666667
   ],
   "wrongful": [
    0.025,
    0.12927083333333325
   ],
   "wrongful_xf": [
    0.04583333333333333,
    0.1709374999999999
   ],
   "thin": [
    0.1875,
    0.38333333333333336
   ],
   "collat": [
    0.10416666666666667,
    0.3251041666666666
   ],
   "collat_xf": [
    0.19572916666666668,
    0.5041666666666667
   ]
  }
 },
 "ecapa": {
  "n": 240,
  "n_target_speakers": 40,
  "n_gallery": 1100,
  "threshold": 0.4748010039329529,
  "threshold_xfile": 0.4622148275375366,
  "n_xfile_actors": 900,
  "detectable": 0.4625,
  "detectable_xfile": 0.5125,
  "correct_attr": 0.5458333333333333,
  "false_attr": 0.45416666666666666,
  "wrongful_accusation": 0.18333333333333332,
  "wrongful_accusation_xfile": 0.21666666666666667,
  "thin_margin": 0.23333333333333334,
  "mean_collateral": 1.1791666666666667,
  "mean_collateral_xfile": 1.775,
  "ci95": {
   "det": [
    0.31666666666666665,
    0.5959374999999999
   ],
   "det_xf": [
    0.37072916666666667,
    0.6541666666666667
   ],
   "corr": [
    0.4125,
    0.6791666666666667
   ],
   "false": [
    0.32083333333333336,
    0.5875
   ],
   "wrongful": [
    0.09583333333333334,
    0.2916666666666667
   ],
   "wrongful_xf": [
    0.11666666666666667,
    0.3334374999999999
   ],
   "thin": [
    0.14166666666666666,
    0.3333333333333333
   ],
   "collat": [
    0.5166666666666667,
    2.1
   ],
   "collat_xf": [
    0.8622916666666667,
    3.0548958333333327
   ]
  }
 }
}