{
 "animeva": {
  "n": 126,
  "n_target_speakers": 30,
  "threshold": 0.4553065299987793,
  "detectable": 0.5,
  "correct_attr": 0.746031746031746,
  "false_attr": 0.25396825396825395,
  "thin_margin": 0.2857142857142857,
  "mean_collateral": 0.11904761904761904,
  "ci95": {
   "det": [
    0.34918831168831166,
    0.6587941628264208
   ],
   "corr": [
    0.6229012427287149,
    0.8629215542521994
   ],
   "false": [
    0.13707844574780056,
    0.37709875727128495
   ],
   "thin": [
    0.18253968253968253,
    0.39396994134897356
   ],
   "collat": [
    0.047600446428571426,
    0.20833333333333334
   ]
  }
 },
 "ecapa": {
  "n": 126,
  "n_target_speakers": 30,
  "threshold": 0.47483688592910767,
  "detectable": 0.5476190476190477,
  "correct_attr": 0.626984126984127,
  "false_attr": 0.373015873015873,
  "thin_margin": 0.1746031746031746,
  "mean_collateral": 0.3253968253968254,
  "ci95": {
   "det": [
    0.395130742913001,
    0.7031698258196721
   ],
   "corr": [
    0.46824116743471583,
    0.7903225806451613
   ],
   "false": [
    0.20967741935483872,
    0.5317588325652841
   ],
   "thin": [
    0.10317460317460317,
    0.25419751454257
   ],
   "collat": [
    0.18025515600211528,
    0.4846153846153846
   ]
  }
 }
}