{
 "animeva": {
  "n": 240,
  "n_target_speakers": 40,
  "threshold": 0.4489216208457947,
  "detectable": 0.7,
  "correct_attr": 0.8125,
  "false_attr": 0.1875,
  "thin_margin": 0.2,
  "mean_collateral": 0.175,
  "ci95": {
   "det": [
    0.6041666666666666,
    0.7916666666666666
   ],
   "corr": [
    0.7290625,
    0.8875
   ],
   "false": [
    0.1125,
    0.2709374999999999
   ],
   "thin": [
    0.1375,
    0.2542708333333332
   ],
   "collat": [
    0.1,
    0.2625
   ]
  }
 },
 "ecapa": {
  "n": 240,
  "n_target_speakers": 40,
  "threshold": 0.4702484905719757,
  "detectable": 0.43333333333333335,
  "correct_attr": 0.5291666666666667,
  "false_attr": 0.4708333333333333,
  "thin_margin": 0.2875,
  "mean_collateral": 1.6625,
  "ci95": {
   "det": [
    0.2998958333333333,
    0.5583333333333333
   ],
   "corr": [
    0.4041666666666667,
    0.6458333333333334
   ],
   "false": [
    0.3541666666666667,
    0.5958333333333333
   ],
   "thin": [
    0.20833333333333334,
    0.37916666666666665
   ],
   "collat": [
    0.7915625,
    2.746145833333333
   ]
  }
 }
}