{
 "animeva": {
  "n": 720,
  "n_target_speakers": 120,
  "n_gallery": 1100,
  "threshold": 0.45531249046325684,
  "threshold_xfile": 0.4396246671676636,
  "n_xfile_actors": 900,
  "detectable": 0.675,
  "detectable_xfile": 0.7083333333333334,
  "correct_attr": 0.7736111111111111,
  "false_attr": 0.2263888888888889,
  "wrongful_accusation": 0.04722222222222222,
  "wrongful_accusation_xfile": 0.06666666666666667,
  "thin_margin": 0.17222222222222222,
  "mean_collateral": 0.2361111111111111,
  "mean_collateral_xfile": 0.3902777777777778,
  "ci95": {
   "det": [
    0.6124305555555556,
    0.7347569444444445
   ],
   "det_xf": [
    0.6472222222222223,
    0.7652777777777777
   ],
   "corr": [
    0.7166666666666667,
    0.8236458333333333
   ],
   "false": [
    0.17635416666666667,
    0.2833333333333333
   ],
   "wrongful": [
    0.029166666666666667,
    0.06666666666666667
   ],
   "wrongful_xf": [
    0.041666666666666664,
    0.09305555555555556
   ],
   "thin": [
    0.1361111111111111,
    0.20975694444444443
   ],
   "collat": [
    0.17222222222222222,
    0.30277777777777776
   ],
   "collat_xf": [
    0.30416666666666664,
    0.48892361111111104
   ]
  }
 },
 "ecapa": {
  "n": 720,
  "n_target_speakers": 120,
  "n_gallery": 1100,
  "threshold": 0.4748010039329529,
  "threshold_xfile": 0.4622148275375366,
  "n_xfile_actors": 900,
  "detectable": 0.5097222222222222,
  "detectable_xfile": 0.5444444444444444,
  "correct_attr": 0.5736111111111111,
  "false_attr": 0.4263888888888889,
  "wrongful_accusation": 0.1763888888888889,
  "wrongful_accusation_xfile": 0.2152777777777778,
  "thin_margin": 0.28888888888888886,
  "mean_collateral": 2.6847222222222222,
  "mean_collateral_xfile": 3.6430555555555557,
  "ci95": {
   "det": [
    0.43190972222222224,
    0.5819444444444445
   ],
   "det_xf": [
    0.4694097222222222,
    0.6152777777777778
   ],
   "corr": [
    0.5041666666666667,
    0.6403125
   ],
   "false": [
    0.3596875,
    0.49583333333333335
   ],
   "wrongful": [
    0.12638888888888888,
    0.225
   ],
   "wrongful_xf": [
    0.1638888888888889,
    0.26666666666666666
   ],
   "thin": [
    0.24166666666666667,
    0.33475694444444437
   ],
   "collat": [
    1.6916666666666667,
    3.7750347222222222
   ],
   "collat_xf": [
    2.384652777777778,
    4.99736111111111
   ]
  }
 }
}