{
 "animeva": {
  "n": 240,
  "n_target_speakers": 40,
  "n_gallery": 1100,
  "threshold": 0.45531249046325684,
  "threshold_xfile": 0.4396246671676636,
  "n_xfile_actors": 900,
  "detectable": 0.625,
  "detectable_xfile": 0.6541666666666667,
  "correct_attr": 0.7666666666666667,
  "false_attr": 0.23333333333333334,
  "wrongful_accusation": 0.04583333333333333,
  "wrongful_accusation_xfile": 0.05416666666666667,
  "thin_margin": 0.19583333333333333,
  "mean_collateral": 0.24583333333333332,
  "mean_collateral_xfile": 0.3416666666666667,
  "ci95": {
   "det": [
    0.49583333333333335,
    0.7417708333333333
   ],
   "det_xf": [
    0.5291666666666667,
    0.7708333333333334
   ],
   "corr": [
    0.6791666666666667,
    0.8541666666666666
   ],
   "false": [
    0.14583333333333334,
    0.32083333333333336
   ],
   "wrongful": [
    0.0125,
    0.0875
   ],
   "wrongful_xf": [
    0.020833333333333332,
    0.1
   ],
   "thin": [
    0.13333333333333333,
    0.26666666666666666
   ],
   "collat": [
    0.15,
    0.3375
   ],
   "collat_xf": [
    0.2125,
    0.4666666666666667
   ]
  }
 },
 "ecapa": {
  "n": 240,
  "n_target_speakers": 40,
  "n_gallery": 1100,
  "threshold": 0.4748010039329529,
  "threshold_xfile": 0.4622148275375366,
  "n_xfile_actors": 900,
  "detectable": 0.4708333333333333,
  "detectable_xfile": 0.5,
  "correct_attr": 0.5666666666666667,
  "false_attr": 0.43333333333333335,
  "wrongful_accusation": 0.19583333333333333,
  "wrongful_accusation_xfile": 0.20833333333333334,
  "thin_margin": 0.275,
  "mean_collateral": 0.9666666666666667,
  "mean_collateral_xfile": 1.4666666666666666,
  "ci95": {
   "det": [
    0.3375,
    0.6041666666666666
   ],
   "det_xf": [
    0.37083333333333335,
    0.6291666666666667
   ],
   "corr": [
    0.4373958333333333,
    0.6958333333333333
   ],
   "false": [
    0.30416666666666664,
    0.5626041666666666
   ],
   "wrongful": [
    0.10833333333333334,
    0.30416666666666664
   ],
   "wrongful_xf": [
    0.11666666666666667,
    0.3125
   ],
   "thin": [
    0.18322916666666667,
    0.37083333333333335
   ],
   "collat": [
    0.475,
    1.6126041666666666
   ],
   "collat_xf": [
    0.7583333333333333,
    2.4001041666666665
   ]
  }
 }
}