{
 "model": "ecapa",
 "n_speakers": 1103,
 "n_null": 1000,
 "n_null_modularity": 200,
 "indeg_skew_obs": 1.4402965481939818,
 "indeg_skew_null_mean": 1.4497197382850102,
 "indeg_skew_null_std": 0.07282874715220254,
 "indeg_skew_z": -0.1293883298849954,
 "indeg_skew_p_emp": 0.5444555444555444,
 "indeg_skew_null_mean_uniform": 0.15570555360145835,
 "indeg_skew_z_uniform": 17.47788894521068,
 "asymmetry_obs": 0.5635053235053236,
 "asymmetry_null_mean": 0.9424933131416161,
 "asymmetry_null_std": 0.0014724385046973223,
 "asymmetry_z": -257.3878169033492,
 "asymmetry_p_emp": 0.000999000999000999,
 "asymmetry_null_mean_uniform": 0.963002907744772,
 "asymmetry_z_uniform": -320.7550468990773,
 "modularity_obs": 0.4247990837161725,
 "modularity_null_mean": 0.11613521238251075,
 "modularity_null_std": 0.0016121036373881305,
 "modularity_z": 191.46639999358044,
 "modularity_p_emp": 0.004975124378109453
}