{
 "model": "animeva",
 "n_speakers": 1103,
 "n_null": 1000,
 "n_null_modularity": 200,
 "indeg_skew_obs": 1.250277308460091,
 "indeg_skew_null_mean": 1.4497197382850102,
 "indeg_skew_null_std": 0.07282874715220254,
 "indeg_skew_z": -2.7385123990887577,
 "indeg_skew_p_emp": 1.0,
 "indeg_skew_null_mean_uniform": 0.15570555360145835,
 "indeg_skew_z_uniform": 14.892525056235433,
 "asymmetry_obs": 0.4763257954772864,
 "asymmetry_null_mean": 0.9424933131416161,
 "asymmetry_null_std": 0.0014724385046973223,
 "asymmetry_z": -316.59536176337247,
 "asymmetry_p_emp": 0.000999000999000999,
 "asymmetry_null_mean_uniform": 0.963002907744772,
 "asymmetry_z_uniform": -390.751148764144,
 "modularity_obs": 0.4453798541218317,
 "modularity_null_mean": 0.13617004652781886,
 "modularity_null_std": 0.0017699808867608932,
 "modularity_z": 174.69659430237095,
 "modularity_p_emp": 0.004975124378109453
}