{
 "animeva": {
  "n_speakers": 1168,
  "seen": {
   "n_spk": 246,
   "misid": 0.020822111095637287,
   "misid_ci95": [
    0.01581099816911185,
    0.026404235633293537
   ]
  },
  "unseen": {
   "n_spk": 922,
   "misid": 0.027859921544026042,
   "misid_ci95": [
    0.02405929281096152,
    0.032117026758140196
   ]
  },
  "heldout_gender": {
   "n_female": 181,
   "n_male": 179,
   "female_misid": 0.024349811601325398,
   "female_ci95": [
    0.01894080619982227,
    0.030074734569124035
   ],
   "male_misid": 0.029115561495135733,
   "male_ci95": [
    0.02325544139578788,
    0.035565326158869204
   ],
   "gap": -0.0047657498938103345,
   "gap_ci95": [
    -0.013415574961088484,
    0.003506845795375995
   ]
  }
 },
 "ecapa": {
  "n_speakers": 1168,
  "seen": {
   "n_spk": 246,
   "misid": 0.18198957914717928,
   "misid_ci95": [
    0.1619472265919489,
    0.20325789538834355
   ]
  },
  "unseen": {
   "n_spk": 922,
   "misid": 0.15300100362862626,
   "misid_ci95": [
    0.14341257467796487,
    0.16290589959100366
   ]
  },
  "heldout_gender": {
   "n_female": 181,
   "n_male": 179,
   "female_misid": 0.23320444189468578,
   "female_ci95": [
    0.2103529027056328,
    0.2562476727391847
   ],
   "male_misid": 0.05989004080916318,
   "male_ci95": [
    0.04982207419583166,
    0.07031175358274534
   ],
   "gap": 0.1733144010855226,
   "gap_ci95": [
    0.14826517994338279,
    0.1976134436836601
   ]
  }
 }
}