{
 "xvector": {
  "moment": {
   "misID": 0.1019700119355974,
   "EER": 0.1270666666666667,
   "minCllr": 0.3978836783603512,
   "actCllr": 0.39984576845907377,
   "misID_std": 0.0036513938884956193,
   "EER_std": 0.002493435826770413,
   "minCllr_std": 0.00442325324920484,
   "actCllr_std": 0.005211510142791135
  },
  "em": {
   "misID": 0.10583777120889587,
   "EER": 0.1265666666666667,
   "minCllr": 0.395461167758374,
   "actCllr": 0.3991087690576225,
   "misID_std": 0.004325859301163722,
   "EER_std": 0.0023144773828135752,
   "minCllr_std": 0.004597510863665573,
   "actCllr_std": 0.006864510609983477
  },
  "em_iters": [
   14,
   14,
   3
  ]
 },
 "ecapa": {
  "moment": {
   "misID": 0.0902076268577159,
   "EER": 0.11084166666666666,
   "minCllr": 0.35277325239642043,
   "actCllr": 0.3575170847174622,
   "misID_std": 0.0028703685882832614,
   "EER_std": 0.0011843305657158792,
   "minCllr_std": 0.0028182386566150018,
   "actCllr_std": 0.004178416502935775
  },
  "em": {
   "misID": 0.09144530955232416,
   "EER": 0.10953333333333333,
   "minCllr": 0.3490002940457475,
   "actCllr": 0.35562739677289396,
   "misID_std": 0.0024713845816728437,
   "EER_std": 0.0014204361614972064,
   "minCllr_std": 0.002956939192271851,
   "actCllr_std": 0.005230866389231642
  },
  "em_iters": [
   9,
   10,
   10
  ]
 },
 "campp": {
  "moment": {
   "misID": 0.0377495934595885,
   "EER": 0.08497500000000001,
   "minCllr": 0.2840789125904232,
   "actCllr": 0.2902933406378582,
   "misID_std": 0.001360077389325052,
   "EER_std": 0.0013138683343470957,
   "minCllr_std": 0.004274427359562699,
   "actCllr_std": 0.005847921171759257
  },
  "em": {
   "misID": 0.037770434683029236,
   "EER": 0.08418333333333332,
   "minCllr": 0.28169644547716804,
   "actCllr": 0.2854558739143163,
   "misID_std": 0.0013001505826287754,
   "EER_std": 0.0014869338324963333,
   "minCllr_std": 0.004007878405184843,
   "actCllr_std": 0.004571554759127747
  },
  "em_iters": [
   9,
   9,
   9
  ]
 },
 "redimnet": {
  "moment": {
   "misID": 0.041816900764540955,
   "EER": 0.08113333333333335,
   "minCllr": 0.27075604245020574,
   "actCllr": 0.27753076681861527,
   "misID_std": 0.0010350359053316947,
   "EER_std": 0.0016540774535136558,
   "minCllr_std": 0.003195944563957974,
   "actCllr_std": 0.005598572108126428
  },
  "em": {
   "misID": 0.04151277847084742,
   "EER": 0.07999166666666666,
   "minCllr": 0.2674536329774968,
   "actCllr": 0.26984373167580505,
   "misID_std": 0.0014800469447278526,
   "EER_std": 0.001539796162556014,
   "minCllr_std": 0.002774128319509247,
   "actCllr_std": 0.001164752403171751
  },
  "em_iters": [
   8,
   3,
   3
  ]
 },
 "jxvector": {
  "moment": {
   "misID": 0.1588706569841092,
   "EER": 0.164575,
   "minCllr": 0.5148249296680326,
   "actCllr": 0.5189559044800788,
   "misID_std": 0.004470682981865549,
   "EER_std": 0.0011620742948136266,
   "minCllr_std": 0.006077504520246151,
   "actCllr_std": 0.005584606950745906
  },
  "em": {
   "misID": 0.1500205424601595,
   "EER": 0.17045,
   "minCllr": 0.5289352835876555,
   "actCllr": 0.536336990065037,
   "misID_std": 0.004053448363393523,
   "EER_std": 0.0009697508271028474,
   "minCllr_std": 0.005803647840266399,
   "actCllr_std": 0.0037663203430353598
  },
  "em_iters": [
   11,
   12,
   12
  ]
 },
 "animeva": {
  "moment": {
   "misID": 0.014266330419607225,
   "EER": 0.06645833333333333,
   "minCllr": 0.23168410000005957,
   "actCllr": 0.23366739432357073,
   "misID_std": 0.000195725270388262,
   "EER_std": 0.0025332236818374773,
   "minCllr_std": 0.007096551171746426,
   "actCllr_std": 0.008532277917058911
  },
  "em": {
   "misID": 0.014798799096982507,
   "EER": 0.06598333333333332,
   "minCllr": 0.23050135824487317,
   "actCllr": 0.23288746939385307,
   "misID_std": 0.00020836176533559715,
   "EER_std": 0.002704189137040695,
   "minCllr_std": 0.007319922399247186,
   "actCllr_std": 0.010274969251579953
  },
  "em_iters": [
   4,
   4,
   4
  ]
 },
 "ens_sv4": {
  "moment": {
   "misID": 0.026313761107133207,
   "EER": 0.07003333333333332,
   "minCllr": 0.23650386531813208,
   "actCllr": 0.24708613648436537,
   "misID_std": 0.0007942416595822487,
   "EER_std": 0.0009436925111261478,
   "minCllr_std": 0.0016737336992616327,
   "actCllr_std": 0.0010506597456197986
  },
  "em": {
   "misID": 0.026414886031718016,
   "EER": 0.0686,
   "minCllr": 0.23187565143467545,
   "actCllr": 0.23781020770190633,
   "misID_std": 0.0009439682716477759,
   "EER_std": 0.000835912674865035,
   "minCllr_std": 0.0012670770164889692,
   "actCllr_std": 0.0029033382403291642
  },
  "em_iters": [
   7,
   8,
   8
  ]
 },
 "ens_all6": {
  "moment": {
   "misID": 0.02514530311113561,
   "EER": 0.06889166666666664,
   "minCllr": 0.23276103607691664,
   "actCllr": 0.2365614608361228,
   "misID_std": 0.00026462253592186364,
   "EER_std": 0.001133272057167031,
   "minCllr_std": 0.0017581345268740183,
   "actCllr_std": 0.0003884899261007169
  },
  "em": {
   "misID": 0.02500209888192978,
   "EER": 0.06749166666666666,
   "minCllr": 0.22830433685645857,
   "actCllr": 0.23096459126319316,
   "misID_std": 0.0004269585750807609,
   "EER_std": 0.001074192202954791,
   "minCllr_std": 0.0014485528217154128,
   "actCllr_std": 0.002551350030212446
  },
  "em_iters": [
   8,
   8,
   8
  ]
 }
}