{
 "model": "jhubert",
 "num_segments": 56568,
 "embedding_dim": 768,
 "num_speakers": 1168,
 "k": 10,
 "phase3_margin": {
  "rank1_accuracy": 0.6593303634563711,
  "verification_margin_mean": 0.018979061394929886,
  "verification_margin_median": 0.017543107271194458,
  "verification_margin_std": 0.05275215581059456,
  "misidentified_fraction": 0.3406696365436289,
  "critical_fraction_abs_margin": {
   "<0.005": 0.08559609673313534,
   "<0.01": 0.16894710790552964,
   "<0.02": 0.32799462593692547,
   "<0.05": 0.6790765096874558
  },
  "operational_top1_top2_margin_mean": 0.016117271035909653,
  "top_competing_speaker_pairs": [
   [
    "29dc447c1d546f6b | c452c7df6df9b0c5",
    177
   ],
   [
    "43f5bdc06e30cf48 | 35a662d159e96a68",
    158
   ],
   [
    "7200dced024be241 | a8f133f57631e6ad",
    153
   ],
   [
    "c452c7df6df9b0c5 | 35a662d159e96a68",
    149
   ],
   [
    "2564a0869018a216 | c452c7df6df9b0c5",
    59
   ],
   [
    "43f5bdc06e30cf48 | 2564a0869018a216",
    51
   ],
   [
    "4be3853ee69f7a46 | a8f133f57631e6ad",
    44
   ],
   [
    "a8f133f57631e6ad | 33eefc458a2b1038",
    39
   ],
   [
    "eab6133f36834caa | c452c7df6df9b0c5",
    37
   ],
   [
    "29dc447c1d546f6b | 35a662d159e96a68",
    33
   ],
   [
    "2564a0869018a216 | 35a662d159e96a68",
    30
   ],
   [
    "42b08286a85d916e | 97ed6c9659952947",
    27
   ],
   [
    "b3ffb33d826eeb83 | 5367ae49358c506e",
    27
   ],
   [
    "5f781672a3b39eed | 7200dced024be241",
    23
   ],
   [
    "68476bcae99bd01f | a8f133f57631e6ad",
    22
   ],
   [
    "7200dced024be241 | c452c7df6df9b0c5",
    22
   ],
   [
    "11d74a57a3469352 | 2f0919719afa7155",
    18
   ],
   [
    "af0b83800ccdc5e7 | 05a74d2feafb5628",
    17
   ],
   [
    "9f800e95536f58c6 | c5dc55ea7f18a2ec",
    17
   ],
   [
    "01bc903ed5ac8148 | f9ff4ebd0d20565b",
    17
   ],
   [
    "9f95fb3909c76183 | cd1e284216f0fc5f",
    17
   ],
   [
    "ffefbf13fc0bd4b8 | 4297865a1d32b363",
    16
   ],
   [
    "c096f81a315e1ae5 | a8f133f57631e6ad",
    16
   ],
   [
    "9cdac2ff85c3bc39 | be58ca9e6260215f",
    15
   ],
   [
    "be58ca9e6260215f | ba54ea3964884315",
    15
   ],
   [
    "5f781672a3b39eed | 27fafc6425975b67",
    15
   ],
   [
    "7200dced024be241 | 29dc447c1d546f6b",
    15
   ],
   [
    "e15413f2a22d2fe0 | c371b11e5352f5d5",
    14
   ],
   [
    "7634533c37806da8 | f95a0db4abad719f",
    14
   ],
   [
    "a8f133f57631e6ad | 77a2cfe66d4e7caa",
    14
   ]
  ]
 },
 "channel_confound": {
  "num_recording_sources": 70,
  "nearest_impostor_same_source_fraction": 0.18991302503182012,
  "chance_same_source_fraction": 0.06425072874623476,
  "same_source_enrichment": 2.955811221720181,
  "critical_queries_same_source_fraction": 0.1519498099651169,
  "margin_mean_when_impostor_same_source": 0.036748867481946945,
  "margin_mean_when_impostor_diff_source": 0.014813189394772053
 },
 "phase4_geometry": {
  "knn_density_skewness": 0.4583806642200132,
  "nn_distance_skewness": -0.11678223279188812,
  "hubness_skewness": 1.871221192657536,
  "hubness_skewness_pvalue": 0.0,
  "hub_count": 2691,
  "antihub_count": 1108,
  "antihub_fraction": 0.019587045679536133
 }
}