{
 "hyperparams": {
  "val_frac": 0.15,
  "n_train_trials": 200000,
  "batch": 8192,
  "max_epochs": 15,
  "patience": 3,
  "mlp_hidden": [
   256,
   256
  ],
  "mlp_dropout": 0.1,
  "mlp_lr": 0.001,
  "mlp_wd": 0.0001,
  "nplda_lr": 0.0001,
  "nplda_cal_lr": 0.01
 },
 "seeds": [
  0,
  1,
  2
 ],
 "protocol": "speaker-disjoint 55/45 split (same scheme/seeds as Table 3); nonlinear scorers trained on 85% of TRAIN speakers, early-stopped on the remaining 15% (VAL) 1:N misID; eval speakers untouched until final scoring; scorers operate on the two-cov PLDA projected space (<=200-d).",
 "ecapa": {
  "cosine_misID": 0.11292915994560748,
  "plda_misID": 0.0902076268577159,
  "plda_EER": 0.11007500000000002,
  "plda_minCllr": 0.35111456618344244,
  "nplda_misID": 0.0902076268577159,
  "nplda_EER": 0.11007500000000002,
  "nplda_minCllr": 0.35111459127002176,
  "nplda_val_misID": 0.04591293061761793,
  "mlp_misID": 0.12063657656012082,
  "mlp_EER": 0.10468333333333335,
  "mlp_minCllr": 0.3365818968314125,
  "mlp_val_misID": 0.05411233336745528,
  "cosine_misID_std": 0.004345505985799813,
  "plda_misID_std": 0.0028703685882832614,
  "plda_EER_std": 0.0014565942010960626,
  "plda_minCllr_std": 0.003141805703665503,
  "nplda_misID_std": 0.0028703685882832614,
  "nplda_EER_std": 0.0014565942010960626,
  "nplda_minCllr_std": 0.003141833294894667,
  "nplda_val_misID_std": 0.0017298551890973098,
  "mlp_misID_std": 0.0017100866829849284,
  "mlp_EER_std": 0.0030138799283021007,
  "mlp_minCllr_std": 0.0078467210195411,
  "mlp_val_misID_std": 0.0026992471031367683,
  "n_eval_spk": 497,
  "per_seed": [
   {
    "n_train_spk": 606,
    "n_eval_spk": 497,
    "n_eval_seg": 20303,
    "cosine_misID": 0.11490912673003989,
    "plda_misID": 0.09146431561838152,
    "plda_EER": 0.10802500000000001,
    "plda_minCllr": 0.3470508348288942,
    "nplda_misID": 0.09146431561838152,
    "nplda_EER": 0.10802500000000001,
    "nplda_minCllr": 0.3470508361305747,
    "nplda_val_misID": 0.043824701195219126,
    "mlp_misID": 0.11988376102053884,
    "mlp_EER": 0.10089999999999999,
    "mlp_minCllr": 0.3272842019189789,
    "mlp_val_misID": 0.05179282868525897
   },
   {
    "n_train_spk": 606,
    "n_eval_spk": 497,
    "n_eval_seg": 20910,
    "cosine_misID": 0.11697752271640363,
    "plda_misID": 0.0929220468675275,
    "plda_EER": 0.11127500000000001,
    "plda_minCllr": 0.354702381804617,
    "nplda_misID": 0.0929220468675275,
    "nplda_EER": 0.11127500000000001,
    "nplda_minCllr": 0.35470245576267434,
    "nplda_val_misID": 0.045853382394565524,
    "mlp_misID": 0.12300334768053563,
    "mlp_EER": 0.10487500000000002,
    "mlp_minCllr": 0.3359846792742844,
    "mlp_val_misID": 0.05264647608264931
   },
   {
    "n_train_spk": 606,
    "n_eval_spk": 497,
    "n_eval_seg": 20954,
    "cosine_misID": 0.10690083039037893,
    "plda_misID": 0.08623651808723871,
    "plda_EER": 0.11092500000000002,
    "plda_minCllr": 0.3515904819168162,
    "nplda_misID": 0.08623651808723871,
    "nplda_EER": 0.11092500000000002,
    "nplda_minCllr": 0.3515904819168162,
    "nplda_val_misID": 0.048060708263069137,
    "mlp_misID": 0.11902262097928797,
    "mlp_EER": 0.10827500000000001,
    "mlp_minCllr": 0.34647680930097424,
    "mlp_val_misID": 0.05789769533445756
   }
  ]
 },
 "animeva": {
  "cosine_misID": 0.016426147930384754,
  "plda_misID": 0.014266330419607225,
  "plda_EER": 0.06521666666666669,
  "plda_minCllr": 0.22959738301947832,
  "nplda_misID": 0.014266330419607225,
  "nplda_EER": 0.06521666666666669,
  "nplda_minCllr": 0.22959739359764697,
  "nplda_val_misID": 0.007374846997631037,
  "mlp_misID": 0.025008124100031556,
  "mlp_EER": 0.06985833333333333,
  "mlp_minCllr": 0.23980999883535045,
  "mlp_val_misID": 0.008770644731777745,
  "cosine_misID_std": 0.0004884101844868804,
  "plda_misID_std": 0.000195725270388262,
  "plda_EER_std": 0.00274600720238597,
  "plda_minCllr_std": 0.00941066059629425,
  "nplda_misID_std": 0.000195725270388262,
  "nplda_EER_std": 0.00274600720238597,
  "nplda_minCllr_std": 0.009410664772942454,
  "nplda_val_misID_std": 0.0013997185568372446,
  "mlp_misID_std": 0.0014562217572262456,
  "mlp_EER_std": 0.0018679682961858567,
  "mlp_minCllr_std": 0.00852231986970374,
  "mlp_val_misID_std": 0.0010057110055902985,
  "n_eval_spk": 497,
  "per_seed": [
   {
    "n_train_spk": 606,
    "n_eval_spk": 497,
    "n_eval_seg": 20303,
    "cosine_misID": 0.016647786041471702,
    "plda_misID": 0.014086588188937595,
    "plda_EER": 0.0615,
    "plda_minCllr": 0.2166722036637619,
    "nplda_misID": 0.014086588188937595,
    "nplda_EER": 0.0615,
    "nplda_minCllr": 0.2166722036637619,
    "nplda_val_misID": 0.006905710491367862,
    "mlp_misID": 0.024380633403930454,
    "mlp_EER": 0.06725000000000002,
    "mlp_minCllr": 0.22783284965764447,
    "mlp_val_misID": 0.007702523240371846
   },
   {
    "n_train_spk": 606,
    "n_eval_spk": 497,
    "n_eval_seg": 20910,
    "cosine_misID": 0.01688187470109995,
    "plda_misID": 0.014538498326159732,
    "plda_EER": 0.06805000000000003,
    "plda_minCllr": 0.23880689884393916,
    "nplda_misID": 0.014538498326159732,
    "nplda_EER": 0.06805000000000003,
    "nplda_minCllr": 0.23880689884393916,
    "nplda_val_misID": 0.005943956977073309,
    "mlp_misID": 0.02702056432329029,
    "mlp_EER": 0.07079999999999999,
    "mlp_minCllr": 0.24696297332267206,
    "mlp_val_misID": 0.008491367110104727
   },
   {
    "n_train_spk": 606,
    "n_eval_spk": 497,
    "n_eval_seg": 20954,
    "cosine_misID": 0.01574878304858261,
    "plda_misID": 0.014173904743724349,
    "plda_EER": 0.06610000000000002,
    "plda_minCllr": 0.23331304655073393,
    "nplda_misID": 0.014173904743724349,
    "nplda_EER": 0.06610000000000002,
    "nplda_minCllr": 0.2333130782852399,
    "nplda_val_misID": 0.00927487352445194,
    "mlp_misID": 0.023623174572873915,
    "mlp_EER": 0.07152499999999998,
    "mlp_minCllr": 0.24463417352573477,
    "mlp_val_misID": 0.01011804384485666
   }
  ]
 },
 "ens_sv4": {
  "cosine_misID": 0.038702222584546024,
  "plda_misID": 0.026313761107133207,
  "plda_EER": 0.07081666666666668,
  "plda_minCllr": 0.23836519093783406,
  "nplda_misID": 0.026313761107133207,
  "nplda_EER": 0.07081666666666668,
  "nplda_minCllr": 0.2383654029436081,
  "nplda_val_misID": 0.015536202779766431,
  "mlp_misID": 0.039471452184858216,
  "mlp_EER": 0.0626,
  "mlp_minCllr": 0.2162782491018226,
  "mlp_val_misID": 0.016743966399311454,
  "cosine_misID_std": 0.0016159434577915756,
  "plda_misID_std": 0.0007942416595822487,
  "plda_EER_std": 0.00011242281302692164,
  "plda_minCllr_std": 0.0008096042151855174,
  "nplda_misID_std": 0.0007942416595822487,
  "nplda_EER_std": 0.00011242281302692164,
  "nplda_minCllr_std": 0.0008097278249931432,
  "nplda_val_misID_std": 0.0021789007314477523,
  "mlp_misID_std": 0.00042796131950227466,
  "mlp_EER_std": 0.0007265787408579015,
  "mlp_minCllr_std": 0.001925940882906712,
  "mlp_val_misID_std": 0.0024814702973986044,
  "n_eval_spk": 497,
  "per_seed": [
   {
    "n_train_spk": 606,
    "n_eval_spk": 497,
    "n_eval_seg": 20303,
    "cosine_misID": 0.038565729202580896,
    "plda_misID": 0.026006008964192483,
    "plda_EER": 0.07067500000000002,
    "plda_minCllr": 0.239032695767395,
    "nplda_misID": 0.026006008964192483,
    "nplda_EER": 0.07067500000000002,
    "nplda_minCllr": 0.239032695767395,
    "nplda_val_misID": 0.01248339973439575,
    "mlp_misID": 0.039156774860858,
    "mlp_EER": 0.06157500000000002,
    "mlp_minCllr": 0.2136223201753475,
    "mlp_val_misID": 0.013280212483399735
   },
   {
    "n_train_spk": 606,
    "n_eval_spk": 497,
    "n_eval_seg": 20910,
    "cosine_misID": 0.040746054519368725,
    "plda_misID": 0.027403156384505023,
    "plda_EER": 0.07094999999999999,
    "plda_minCllr": 0.23722582294800937,
    "nplda_misID": 0.027403156384505023,
    "nplda_EER": 0.07094999999999999,
    "nplda_minCllr": 0.23722582294800937,
    "nplda_val_misID": 0.01669968864987263,