{
 "ecapa": {
  "jvs": {
   "matched_speakers": 100,
   "segs_per_speaker": 8,
   "VA": {
    "rank1": 0.8233333333333334,
    "eer": 0.22458332777023315,
    "misid": 0.17666666666666667,
    "critical": 0.06499999999999999,
    "hub": 0.09117687173149795
   },
   "jvs": {
    "rank1": 1.0,
    "eer": 0.009583333507180214,
    "misid": 0.0,
    "critical": 0.0,
    "hub": 0.81841160476163
   }
  },
  "jvsv": {
   "matched_speakers": 62,
   "segs_per_speaker": 8,
   "VA": {
    "rank1": 0.8272849462365591,
    "eer": 0.223118265469869,
    "misid": 0.17271505376344087,
    "critical": 0.0571236559139785,
    "hub": 0.09006162654115535
   },
   "jvsv": {
    "rank1": 0.9321236559139785,
    "eer": 0.08736558258533478,
    "misid": 0.0678763440860215,
    "critical": 0.01075268817204301,
    "hub": 0.29825062474928565
   }
  },
  "cv": {
   "matched_speakers": 455,
   "segs_per_speaker": 3,
   "VA": {
    "rank1": 0.5108669108669109,
    "eer": 0.48693525791168213,
    "misid": 0.48913308913308917,
    "critical": 0.08742368742368743,
    "hub": 0.384564655864058
   },
   "cv": {
    "rank1": 0.9184371184371184,
    "eer": 0.113064706325531,
    "misid": 0.08156288156288155,
    "critical": 0.031013431013431014,
    "hub": 0.5608647300514734
   }
  }
 },
 "jxvector": {
  "jvs": {
   "matched_speakers": 100,
   "segs_per_speaker": 8,
   "VA": {
    "rank1": 0.6124999999999999,
    "eer": 0.45374999443689984,
    "misid": 0.3875,
    "critical": 0.10541666666666666,
    "hub": 0.1821600846240201
   },
   "jvs": {
    "rank1": 0.9587500000000001,
    "eer": 0.1266666700442632,
    "misid": 0.04125,
    "critical": 0.019583333333333338,
    "hub": 0.4481465080907762
   }
  },
  "jvsv": {
   "matched_speakers": 62,
   "segs_per_speaker": 8,
   "VA": {
    "rank1": 0.6458333333333334,
    "eer": 0.45698924859364826,
    "misid": 0.3541666666666667,
    "critical": 0.11088709677419355,
    "hub": 0.07871556721055399
   },
   "jvsv": {
    "rank1": 0.8649193548387096,
    "eer": 0.4213709831237793,
    "misid": 0.1350806451612903,
    "critical": 0.22311827956989247,
    "hub": 0.5568427829010615
   }
  },
  "cv": {
   "matched_speakers": 455,
   "segs_per_speaker": 3,
   "VA": {
    "rank1": 0.2644020837656689,
    "eer": 0.6968764861424764,
    "misid": 0.735597916234331,
    "critical": 0.11710445395547298,
    "hub": 0.19765541582857046
   },
   "cv": {
    "rank1": 0.6229508343900346,
    "eer": 0.4132623275121053,
    "misid": 0.3770491656099653,
    "critical": 0.10227557980312496,
    "hub": 0.15051964123241465
   }
  }
 },
 "animeva": {
  "jvs": {
   "matched_speakers": 100,
   "segs_per_speaker": 8,
   "VA": {
    "rank1": 0.9479166666666666,
    "eer": 0.07583332558472951,
    "misid": 0.052083333333333336,
    "critical": 0.017916666666666668,
    "hub": -0.05863328562053685
   },
   "jvs": {
    "rank1": 1.0,
    "eer": 0.002083337322498361,
    "misid": 0.0,
    "critical": 0.0,
    "hub": 0.9418447989715824
   }
  },
  "jvsv": {
   "matched_speakers": 62,
   "segs_per_speaker": 8,
   "VA": {
    "rank1": 0.9576612903225806,
    "eer": 0.07594085608919461,
    "misid": 0.04233870967741935,
    "critical": 0.016801075268817203,
    "hub": -0.12250170176531772
   },
   "jvsv": {
    "rank1": 0.9690860215053764,
    "eer": 0.05107527350385984,
    "misid": 0.030913978494623656,
    "critical": 0.0026881720430107525,
    "hub": 0.4974804449248785
   }
  },
  "cv": {
   "matched_speakers": 455,
   "segs_per_speaker": 3,
   "VA": {
    "rank1": 0.7526251526251526,
    "eer": 0.27350425720214844,
    "misid": 0.24737484737484738,
    "critical": 0.058119658119658114,
    "hub": 0.2089045557041371
   },
   "cv": {
    "rank1": 0.8796092796092796,
    "eer": 0.15799754858016968,
    "misid": 0.1203907203907204,
    "critical": 0.03785103785103785,
    "hub": 0.33186192289420163
   }
  }
 }
}