{
 "vs_JVS(100spk):va": {
  "rank1": 0.9479166666666666,
  "eer": 0.07583332558472951,
  "misid": 0.052083333333333336,
  "critical": 0.017916666666666668,
  "hub": -0.05863328562053685
 },
 "vs_JVS(100spk):jvs": {
  "rank1": 1.0,
  "eer": 0.002083337322498361,
  "misid": 0.0,
  "critical": 0.0,
  "hub": 0.9418447989715824
 },
 "vs_CV(matched):va": {
  "rank1": 0.9077202202202201,
  "eer": 0.13044293721516928,
  "misid": 0.09227977977977979,
  "critical": 0.029904904904904907,
  "hub": 0.08598581693972196
 },
 "vs_CV(matched):cv": {
  "rank1": 0.9791666666666666,
  "eer": 0.07291666666666667,
  "misid": 0.020833333333333332,
  "critical": 0.010416666666666666,
  "hub": 0.6124740917107524
 }
}