{
 "vs_JVS(100spk):va": {
  "rank1": 0.8233333333333334,
  "eer": 0.22458332777023315,
  "misid": 0.17666666666666667,
  "critical": 0.06499999999999999,
  "hub": 0.09117687173149795
 },
 "vs_JVS(100spk):jvs": {
  "rank1": 1.0,
  "eer": 0.009583333507180214,
  "misid": 0.0,
  "critical": 0.0,
  "hub": 0.81841160476163
 },
 "vs_CV(matched):va": {
  "rank1": 0.7089406024195775,
  "eer": 0.3122069239616394,
  "misid": 0.29105939758042254,
  "critical": 0.06294189580983273,
  "hub": 0.3722665627918455
 },
 "vs_CV(matched):cv": {
  "rank1": 0.9958333333333332,
  "eer": 0.02291666033367316,
  "misid": 0.004166666666666667,
  "critical": 0.004166666666666667,
  "hub": 1.0243418616395763
 }
}