{
 "vs_JVS(100spk):va": {
  "rank1": 0.6124999999999999,
  "eer": 0.45374999443689984,
  "misid": 0.3875,
  "critical": 0.10541666666666666,
  "hub": 0.1821600846240201
 },
 "vs_JVS(100spk):jvs": {
  "rank1": 0.9587500000000001,
  "eer": 0.1266666700442632,
  "misid": 0.04125,
  "critical": 0.019583333333333338,
  "hub": 0.4481465080907762
 },
 "vs_CV(matched):va": {
  "rank1": 0.44576883174780096,
  "eer": 0.5398607055346171,
  "misid": 0.5542311682521991,
  "critical": 0.10553890688454091,
  "hub": 0.19378889805950136
 },
 "vs_CV(matched):cv": {
  "rank1": 0.9270833333333334,
  "eer": 0.17291667064030966,
  "misid": 0.07291666666666667,
  "critical": 0.014583333333333332,
  "hub": 0.42207696871383354
 }
}