{
 "ecapa": {
  "narration": {
   "n_female": 31,
   "n_male": 53,
   "female_misid": 0.18464350289808093,
   "male_misid": 0.07934099825023458,
   "gap": 0.10530250464784635,
   "gap_ci95": [
    0.0604657586587594,
    0.15753927691489697
   ],
   "gap_p_onesided": 0.0
  },
  "dialogue": {
   "n_female": 66,
   "n_male": 79,
   "female_misid": 0.26075163955045044,
   "male_misid": 0.03985850478624553,
   "gap": 0.2208931347642049,
   "gap_ci95": [
    0.17346932940224136,
    0.27223843771919765
   ],
   "gap_p_onesided": 0.0
  },
  "other": {
   "n_female": 185,
   "n_male": 137,
   "female_misid": 0.24421246558707863,
   "male_misid": 0.06626208277834798,
   "gap": 0.17795038280873066,
   "gap_ci95": [
    0.14977706561509618,
    0.2066487285971695
   ],
   "gap_p_onesided": 0.0
  },
  "_overall": {
   "n_female": 244,
   "n_male": 214,
   "female_misid": 0.2452515344370448,
   "male_misid": 0.0630919761167087,
   "gap": 0.1821595583203361,
   "gap_ci95": [
    0.16010778242234444,
    0.20515432077829013
   ],
   "gap_p_onesided": 0.0
  }
 },
 "animeva": {
  "narration": {
   "n_female": 31,
   "n_male": 53,
   "female_misid": 0.07927231729257903,
   "male_misid": 0.054670810505191576,
   "gap": 0.02460150678738745,
   "gap_ci95": [
    0.0001524570178057661,
    0.04924323594409648
   ],
   "gap_p_onesided": 0.024
  },
  "dialogue": {
   "n_female": 66,
   "n_male": 79,
   "female_misid": 0.016917455039564197,
   "male_misid": 0.01594737850047029,
   "gap": 0.0009700765390939087,
   "gap_ci95": [
    -0.012154066641008238,
    0.01377477561796721
   ],
   "gap_p_onesided": 0.4465
  },
  "other": {
   "n_female": 185,
   "n_male": 137,
   "female_misid": 0.016667227634998266,
   "male_misid": 0.025401479689708337,
   "gap": -0.008734252054710071,
   "gap_ci95": [
    -0.018147108215293976,
    -0.000567528330822163
   ],
   "gap_p_onesided": 0.981
  },
  "_overall": {
   "n_female": 244,
   "n_male": 214,
   "female_misid": 0.02144734747581802,
   "male_misid": 0.02858593402339165,
   "gap": -0.007138586547573631,
   "gap_ci95": [
    -0.014674797961953225,
    -1.0413146736948604e-06
   ],
   "gap_p_onesided": 0.975
  }
 }
}