{
 "ens_sv4": {
  "n_splits": 3,
  "EER": 0.0697,
  "EER_std": 0.0009369720735788612,
  "minDCF_0.01": 0.4777583333333326,
  "minDCF_0.01_std": 0.005778996933337057,
  "minCllr": 0.23413643358653488,
  "minCllr_std": 0.0017981493109199827,
  "actCllr": 0.23936664385830717,
  "actCllr_std": 0.0009106315414024474,
  "openset_misID": 0.026313761107133207,
  "openset_misID_std": 0.0007942416595822487
 },
 "animeva": {
  "n_splits": 3,
  "EER": 0.06521666666666669,
  "EER_std": 0.00274600720238597,
  "minDCF_0.01": 0.4460250000000028,
  "minDCF_0.01_std": 0.008561128235617622,
  "minCllr": 0.22959738301947832,
  "minCllr_std": 0.00941066059629425,
  "actCllr": 0.23218557883062083,
  "actCllr_std": 0.00825991951087466,
  "openset_misID": 0.014266330419607225,
  "openset_misID_std": 0.000195725270388262
 },
 "ecapa": {
  "n_splits": 3,
  "EER": 0.11108333333333331,
  "EER_std": 0.0008617649847196765,
  "minDCF_0.01": 0.6321083333333367,
  "minDCF_0.01_std": 0.00571351954189015,
  "minCllr": 0.35288029763863554,
  "minCllr_std": 0.0027072369497890456,
  "actCllr": 0.35743886693993515,
  "actCllr_std": 0.00337979777852575,
  "openset_misID": 0.0902076268577159,
  "openset_misID_std": 0.0028703685882832614
 }
}