{
 "xvector": {
  "model": "xvector",
  "n_eval_spk": 497,
  "n_splits": 3,
  "cosine": {
   "EER": 0.23100833594799042,
   "EER_std": 0.001039696092646841,
   "minDCF_0.01": 0.976325,
   "minDCF_0.01_std": 0.005019254592732142,
   "minDCF_0.05": 0.8782166666666668,
   "minDCF_0.05_std": 0.0012873314344881083,
   "minCllr": 0.6736840009689331,
   "minCllr_std": 0.0011636709438496268,
   "openset_misID": 0.20231968529405564,
   "openset_misID_std": 0.005710051401297151
  },
  "lda": {
   "EER": 0.15196667114893594,
   "EER_std": 0.0025293473434017974,
   "minDCF_0.01": 0.7790833333333324,
   "minDCF_0.01_std": 0.003021198253818235,
   "minDCF_0.05": 0.6538833333333339,
   "minDCF_0.05_std": 0.003977244300042827,
   "minCllr": 0.4840027689933777,
   "minCllr_std": 0.005754904920798269,
   "openset_misID": 0.13137260165749565,
   "openset_misID_std": 0.004396556919329841
  },
  "wccn": {
   "EER": 0.16476666666666664,
   "EER_std": 0.00264183753390619,
   "minDCF_0.01": 0.7874666666666656,
   "minDCF_0.01_std": 0.01091194554401492,
   "minDCF_0.05": 0.6691249999999999,
   "minDCF_0.05_std": 0.006482315687057411,
   "minCllr": 0.5157506443543602,
   "minCllr_std": 0.0052581025406668825,
   "openset_misID": 0.11318582481386119,
   "openset_misID_std": 0.0022619271999372403
  }
 },
 "ecapa": {
  "model": "ecapa",
  "n_eval_spk": 497,
  "n_splits": 3,
  "cosine": {
   "EER": 0.15727500120798746,
   "EER_std": 0.0033189428931046875,
   "minDCF_0.01": 0.7973666666666648,
   "minDCF_0.01_std": 0.016523976687090755,
   "minDCF_0.05": 0.6750166666666665,
   "minDCF_0.05_std": 0.008941880239761233,
   "minCllr": 0.502368152141571,
   "minCllr_std": 0.007426505298648909,
   "openset_misID": 0.11292915994560748,
   "openset_misID_std": 0.004345505985799813
  },
  "lda": {
   "EER": 0.1241583377122879,
   "EER_std": 0.002157772222634709,
   "minDCF_0.01": 0.684058333333332,
   "minDCF_0.01_std": 0.005929809346754719,
   "minDCF_0.05": 0.546516666666666,
   "minDCF_0.05_std": 0.0042319387466689265,
   "minCllr": 0.4117892583211263,
   "minCllr_std": 0.004643090782567225,
   "openset_misID": 0.09639067827121721,
   "openset_misID_std": 0.0034698848844572777
  },
  "wccn": {
   "EER": 0.12884166666666666,
   "EER_std": 0.002018697324734191,
   "minDCF_0.01": 0.6891666666666637,
   "minDCF_0.01_std": 0.005849513275100028,
   "minDCF_0.05": 0.5558333333333331,
   "minDCF_0.05_std": 0.0016713683682008796,
   "minCllr": 0.4247122192348485,
   "minCllr_std": 0.004384803277088802,
   "openset_misID": 0.09613274934265865,
   "openset_misID_std": 0.003796001502956208
  }
 },
 "campp": {
  "model": "campp",
  "n_eval_spk": 497,
  "n_splits": 3,
  "cosine": {
   "EER": 0.1343500018119812,
   "EER_std": 0.0007908375667531649,
   "minDCF_0.01": 0.785299999999998,
   "minDCF_0.01_std": 0.01928517349329753,
   "minDCF_0.05": 0.6206666666666659,
   "minDCF_0.05_std": 0.010207050939859708,
   "minCllr": 0.44577954212824505,
   "minCllr_std": 0.0003919447511111072,
   "openset_misID": 0.060886315326183084,
   "openset_misID_std": 0.002432760791752908
  },
  "lda": {
   "EER": 0.10199999809265137,
   "EER_std": 0.0004953929471594619,
   "minDCF_0.01": 0.6170416666666637,
   "minDCF_0.01_std": 0.008372010245786486,
   "minDCF_0.05": 0.48973333333333374,
   "minDCF_0.05_std": 0.005810204146346051,
   "minCllr": 0.34351513783137005,
   "minCllr_std": 0.0021069697606919784,
   "openset_misID": 0.04418528977767327,
   "openset_misID_std": 0.0022016007419904168
  },
  "wccn": {
   "EER": 0.10634166666666667,
   "EER_std": 0.0009408182018269618,
   "minDCF_0.01": 0.6345583333333362,
   "minDCF_0.01_std": 0.004604994269508995,
   "minDCF_0.05": 0.5077083333333329,
   "minDCF_0.05_std": 0.005799293539351023,
   "minCllr": 0.3559066325368478,
   "minCllr_std": 0.0030953339989361313,
   "openset_misID": 0.045052274634874184,
   "openset_misID_std": 0.001255354839729501
  }
 },
 "redimnet": {
  "model": "redimnet",
  "n_eval_spk": 497,
  "n_splits": 3,
  "cosine": {
   "EER": 0.12144167472918828,
   "EER_std": 0.0014946199695547216,
   "minDCF_0.01": 0.7007916666666653,
   "minDCF_0.01_std": 0.00556485749044062,
   "minDCF_0.05": 0.5504749999999994,
   "minDCF_0.05_std": 0.00566579650181681,
   "minCllr": 0.4056960145632426,
   "minCllr_std": 0.00494828233958315,
   "openset_misID": 0.05991149016059386,
   "openset_misID_std": 0.0013051881319083468
  },
  "lda": {
   "EER": 0.08864999562501907,
   "EER_std": 0.00159256042085152,
   "minDCF_0.01": 0.5618416666666642,
   "minDCF_0.01_std": 0.009183711425974364,
   "minDCF_0.05": 0.4293583333333335,
   "minDCF_0.05_std": 0.005492204070822189,
   "minCllr": 0.3061894377072652,
   "minCllr_std": 0.0046027464167805055,
   "openset_misID": 0.045568647398163194,
   "openset_misID_std": 0.0015222676270467048
  },
  "wccn": {
   "EER": 0.09240833333333331,
   "EER_std": 0.0020279642227832603,
   "minDCF_0.01": 0.5859166666666648,
   "minDCF_0.01_std": 0.003337434976479066,
   "minDCF_0.05": 0.4493416666666665,
   "minDCF_0.05_std": 0.004134677200889542,
   "minCllr": 0.31873878978082515,
   "minCllr_std": 0.004105577735397731,
   "openset_misID": 0.05303184494731205,
   "openset_misID_std": 0.0009631960466077301
  }
 },
 "jxvector": {
  "model": "jxvector",
  "n_eval_spk": 497,
  "n_splits": 3,
  "cosine": {
   "EER": 0.26873334248860675,
   "EER_std": 0.0004331807143799947,
   "minDCF_0.01": 0.9717999999999997,
   "minDCF_0.01_std": 0.0035211858797878502,
   "minDCF_0.05": 0.9178999999999999,
   "minDCF_0.05_std": 0.004023265671897244,
   "minCllr": 0.7571706175804138,
   "minCllr_std": 0.0012225766113792837,
   "openset_misID": 0.2775072501300502,
   "openset_misID_std": 0.003796629236391641
  },
  "lda": {
   "EER": 0.17288333177566528,
   "EER_std": 0.001408644024846254,
   "minDCF_0.01": 0.8584583333333331,
   "minDCF_0.01_std": 0.01352912496144044,
   "minDCF_0.05": 0.7248749999999996,
   "minDCF_0.05_std": 0.004931066483699891,
   "minCllr": 0.5483000874519348,
   "minCllr_std": 0.004448348078987518,
   "openset_misID": 0.1387734095047671,
   "openset_misID_std": 0.00322061874375413
  },
  "wccn": {
   "EER": 0.1811,
   "EER_std": 0.001552820015326954,
   "minDCF_0.01": 0.8468916666666647,
   "minDCF_0.01_std": 0.010244070100416678,
   "minDCF_0.05": 0.7340583333333338,
   "minDCF_0.05_std": 0.0032559134236370348,
   "minCllr": 0.5677841918273614,
   "minCllr_std": 0.004526836033903835,
   "openset_misID": 0.1254265073224985,
   "openset_misID_std": 0.0020190458075210363
  }
 },
 "animeva": {
  "model": "animeva",
  "n_eval_spk": 497,
  "n_splits": 3,
  "cosine": {
   "EER": 0.0768333300948143,
   "EER_std": 0.0015535315982165181,
   "minDCF_0.01": 0.5007750000000031,
   "minDCF_0.01_std": 0.007694722217210878,
   "minDCF_0.05": 0.3711666666666666,
   "minDCF_0.05_std": 0.00623318850099168,
   "minCllr": 0.27831486860911053,
   "minCllr_std": 0.005932170069108802,
   "openset_misID": 0.016426147930384754,
   "openset_misID_std": 0.0004884101844868804
  },
  "lda": {
   "EER": 0.0726500079035759,
   "EER_std": 0.0019144175197907199,
   "minDCF_0.01": 0.49489166666666545,
   "minDCF_0.01_std": 0.0123241688924222,
   "minDCF_0.05": 0.356925,
   "minDCF_0.05_std": 0.002992560219388073,
   "minCllr": 0.26242198546727497,
   "minCllr_std": 0.005834291370140367,
   "openset_misID": 0.01547511597372537,
   "openset_misID_std": 0.00030711052032499824
  },
  "wccn": {
   "EER": 0.07352500000000002,
   "EER_std": 0.001770946074842492,
   "minDCF_0.01": 0.5003166666666699,
   "minDCF_0.01_std": 0.015089860466184032,
   "minDCF_0.05": 0.35865833333333313,
   "minDCF_0.05_std": 0.00398937825843692,
   "minCllr": 0.26694446202807515,
   "minCllr_std": 0.0052870624135512275,
   "openset_misID": 0.013828489610961813,
   "openset_misID_std": 0.0004107253251303841
  }
 },
 "ens_sv4": {
  "model": "ens_sv4",
  "n_eval_spk": 497,
  "n_splits": 3,
  "cosine": {
   "EER": 0.1239333376288414,
   "EER_std": 0.001201452117893903,
   "minDCF_0.01": 0.6790833333333364,